Genome,Gene,Original,Removed,Delta,Length
42543,NEIS1437,0.9999990211071652,0.9999991965849548,-1.7547778963233898e-07,1458
89107,NEIS1437,0.9999997146857872,0.999999802919744,-8.823395669654843e-08,1458
89108,NEIS1437,0.9999993325906826,0.9999985204028132,8.121878692923801e-07,1458
94468,NEIS1437,0.999999980083876,0.9999999314474326,4.8636443428229377e-08,1458
59656,NEIS1437,0.9999876081389684,0.9999995948682104,-1.1986729241963978e-05,1458
49224,NEIS1437,0.9999999919095768,0.9999999737707712,1.8138805568668204e-08,1458
29585,NEIS1437,0.9999964300680526,0.9999980011154695,-1.5710474169372546e-06,917
58071,NEIS1437,0.9999900546399636,0.9999851728845864,4.881755377272867e-06,1458
63636,NEIS1437,0.9994355989889312,0.999576216741316,-0.0001406177523848,1458
42050,NEIS1437,0.9999999929687096,0.99999999865352,-5.684810400197193e-09,1458
73787,NEIS1437,0.9999963283488884,0.9999938995835228,2.428765365491969e-06,1458
74988,NEIS1437,0.9999975009161252,0.9999991548810728,-1.6539649476676743e-06,1458
44891,NEIS1437,0.999999250918592,0.9999997538574624,-5.029388703281512e-07,1458
93432,NEIS1437,0.9993141671918728,0.9995820568776348,-0.0002678896857619,1458
84921,NEIS1437,0.9999999960885828,0.9999999964348212,-3.462383713070949e-10,1458
47017,NEIS1437,0.9993161446508484,0.9993161446508484,0.0,0
80223,NEIS1437,0.999999979936119,0.999999999599298,-1.966317886292757e-08,1458
96405,NEIS1437,0.9999998977659348,0.9999998007064924,9.705944226112707e-08,1458
97012,NEIS1437,0.9999997992983292,0.999999762766265,3.6532064151550976e-08,1458
54754,NEIS1437,0.9999999299203648,0.9999999593402628,-2.9419897962235098e-08,1458
91764,NEIS1437,0.9998509405415532,0.9998374935875968,1.3446953956552932e-05,1458
43990,NEIS1437,0.9999069877922732,0.9999069877922732,0.0,0
79950,NEIS1437,0.9999818091350492,0.9999174114893624,6.439764568688666e-05,1458
89017,NEIS1437,0.999341229923804,0.9999562837755632,-0.000615053851759,1458
38024,NEIS1437,0.9999985782122722,0.9999943102503928,4.267961879467208e-06,1458
59700,NEIS1437,0.9999986640028056,0.9999994621300876,-7.981272820423158e-07,1458
21302,NEIS1437,0.999999998226051,0.9999999997545664,-1.528515314319634e-09,1458
72838,NEIS1437,0.9985404491168784,0.9997874621582584,-0.00124701304138,1458
96238,NEIS1437,0.9999949935595824,0.9999974093291908,-2.415769608243856e-06,1458
74995,NEIS1437,0.9999998395999204,0.999999906622324,-6.702240340494825e-08,1458
96474,NEIS1437,0.993260454738994,0.9914856130614044,0.0017748416775896,1458
89305,NEIS1437,0.9999999947455194,0.9999999950483583,-3.0283908714068275e-10,1458
53302,NEIS1437,0.9999998169366592,0.999999951945436,-1.350087768248187e-07,1458
96840,NEIS1437,0.9999999977935534,0.999999999366776,-1.5732224412090543e-09,1458
50852,NEIS1437,0.9999664547307991,0.9999770320281556,-1.057729735631785e-05,1458
28030,NEIS1437,0.9999944132439184,0.9999968020105056,-2.3887665873134623e-06,1458
61450,NEIS1437,0.9999904992451052,0.9999961191951308,-5.619950025681497e-06,1458
59649,NEIS1437,0.9999999480638886,0.999999930536981,1.752690759193598e-08,1458
21229,NEIS1437,0.9997199160420086,0.999784949618186,-6.503357617737571e-05,1458
28158,NEIS1437,0.999999916103879,0.9999999718690156,-5.5765136508512114e-08,1458
54624,NEIS1437,0.9999999862352558,0.9999999818482428,4.387012864093265e-09,1458
47287,NEIS1437,0.9998458280385554,0.9998070803935928,3.87476449627e-05,1458
63549,NEIS1437,0.9999999180133252,0.9999999937572276,-7.574390248343833e-08,1458
96645,NEIS1437,0.9999999914172938,0.9999999914172938,0.0,0
53288,NEIS1437,0.9999998504765992,0.9999999262899392,-7.581333993922358e-08,1458
86962,NEIS1437,0.9999999981648088,0.999999989753004,8.411804808261536e-09,1458
70759,NEIS1437,0.9999999123395384,0.9999999738261092,-6.148657072380105e-08,1458
91870,NEIS1437,0.9999999285135012,0.9999999722885892,-4.377508799890961e-08,1458
34562,NEIS1437,0.9994691570781252,0.9994566200948828,1.253698324255037e-05,1458
84487,NEIS1437,0.9999999743031398,0.9999999779504504,-3.6473106757028964e-09,1458
96381,NEIS1437,0.9999853542066928,0.9999692254252944,1.6128781398339065e-05,1458
102406,NEIS1437,0.9999999904092022,0.9999999924630272,-2.0538248879375942e-09,1458
92812,NEIS1437,0.999999991791405,0.9999999810161464,1.077525846326921e-08,1458
29359,NEIS1437,0.9999998582227289,0.9999981596387492,1.6985839796923583e-06,1458
60803,NEIS1437,0.999998730960088,0.9999988645808702,-1.336207822166813e-07,1458
41726,NEIS1437,0.997459314677938,0.9984342667842095,-0.0009749521062715,1458
100707,NEIS1437,0.9999999780983836,0.9999999840217436,-5.9233601357178145e-09,1458
30911,NEIS1437,0.9999952192270992,0.9999916410583464,3.578168752849109e-06,1458
60649,NEIS1437,0.9999999530649032,0.999999940966398,1.2098505308699714e-08,1458
96253,NEIS1437,0.999999833397452,0.9999996399461264,1.9345132562520464e-07,1458
36465,NEIS1437,0.9999999883486552,0.9999999881458712,2.0278412282692668e-10,1458
88177,NEIS1437,0.9999886140644304,0.9999966335754892,-8.01951105877663e-06,1458
44426,NEIS1437,0.9993822595794244,0.9875196158031596,0.0118626437762646,1458
60708,NEIS1437,0.9999996540270776,0.9999993967372568,2.572898208930141e-07,1458
96495,NEIS1437,0.9999999999170132,0.9999999998887434,2.8269719898332824e-11,1458
97589,NEIS1437,0.9999988409468452,0.9999996189453004,-7.779984552147567e-07,1458
96783,NEIS1437,0.9999997709857028,0.9999990179079348,7.530777681452605e-07,1458
50448,NEIS1437,0.9999998421525078,0.999999836697674,5.454833695850425e-09,1458
38094,NEIS1437,0.9999786715985598,0.999969124060208,9.54753835191724e-06,1458
71576,NEIS1437,0.9999999178796696,0.9999998274615912,9.041807846887907e-08,1458
71466,NEIS1437,0.9999997184511108,0.9999992514980456,4.669530652146037e-07,1458
96537,NEIS1437,0.999999999989797,0.9999999999761232,1.3673728815888351e-11,1458
29380,NEIS1437,0.9999986502720016,0.99999866538467,-1.5112668338979063e-08,1458
651,NEIS1437,0.9937752100576952,0.9926201135307188,0.0011550965269763,911
29751,NEIS1437,0.999874259013833,0.9998922843093576,-1.8025295524748408e-05,1458
20793,NEIS1437,0.9999996130251506,0.999999748655695,-1.3563054435117294e-07,1458
19971,NEIS1437,0.9999968734902736,0.999998713135481,-1.8396452075020164e-06,1458
85269,NEIS1437,0.99999991448729,0.9999998254413568,8.904593307157428e-08,1458
63041,NEIS1437,0.9999995277215082,0.9999998524223044,-3.247007961393322e-07,1458
40691,NEIS1437,0.9995158790342938,0.9995158790342938,0.0,0
885,NEIS1437,0.9987453365045176,0.9938206790634132,0.0049246574411043,1458
34605,NEIS1437,0.9990945024300382,0.9991095621605136,-1.5059730475330824e-05,1458
71045,NEIS1437,0.9999999311747876,0.9999998186794514,1.1249533615753649e-07,1458
61510,NEIS1437,0.9999992600534932,0.9999995318067578,-2.717532646689947e-07,1458
58440,NEIS1437,0.9996045734297636,0.9993678763530526,0.000236697076711,1458
75130,NEIS1437,0.99999998901155,0.9999999922721275,-3.260577585706414e-09,1458
76190,NEIS1437,0.9999712849665084,0.9998929409618348,7.83440046735473e-05,1458
76992,NEIS1437,0.9999999987223738,0.9999999997852228,-1.0628491420305863e-09,1458
46611,NEIS1437,0.995705694276798,0.9994319675841103,-0.0037262733073124,1458
40324,NEIS1437,0.9999643414351204,0.9999801066005072,-1.576516538681627e-05,1458
54803,NEIS1437,0.9999999932459428,0.9999999889393284,4.306614398430497e-09,1458
40358,NEIS1437,0.9996929800245282,0.9995744282212012,0.0001185518033268,1458
42639,NEIS1437,0.9999735806951304,0.9999735806951304,0.0,0
30575,NEIS1437,0.9999967499877428,0.999995814895745,9.350919978334816e-07,1458
89062,NEIS1437,0.9999997095114176,0.9999996485053798,6.100603777703384e-08,1458
50542,NEIS1437,0.9999999802985372,0.99999998662986,-6.3313226883465745e-09,1458
97516,NEIS1437,0.9999999993181148,0.999999999601742,-2.8362712178875427e-10,1458
96934,NEIS1437,0.9999999977939122,0.9999999989977952,-1.203882993294769e-09,1458
42584,NEIS1437,0.9992332491317424,0.9991120140334998,0.0001212350982425,1458
71535,NEIS1437,0.999999970161757,0.9999999585911548,1.1570602143073929e-08,1458
80125,NEIS1437,0.9999998471765436,0.999999856994744,-9.818200363831409e-09,1458
20363,NEIS1437,0.9999999908687272,0.9999999985115836,-7.64285656984498e-09,1458
28149,NEIS1437,0.999999912595596,0.9999999922908068,-7.96952108750304e-08,1458
52141,NEIS1437,0.9999324559377024,0.9999310712569224,1.384680780036618e-06,1458
63591,NEIS1437,0.9999999897577952,0.9999999738875244,1.5870270764217764e-08,1458
97470,NEIS1437,0.9999145591215092,0.9998628190620694,5.174005943975324e-05,1458
38026,NEIS1437,0.9999986871112858,0.9999986317839372,5.5327348702505226e-08,1458
35516,NEIS1437,0.9999969984186045,0.9999984490642284,-1.4506456239571364e-06,1458
38015,NEIS1437,0.9999761009320683,0.9999726440323748,3.4568996936101826e-06,1458
71073,NEIS1437,0.9999918714144124,0.999986152569533,5.718844879321061e-06,1458
97332,NEIS1437,0.9999993342070582,0.99999956005946,-2.2585240189165745e-07,1458
31320,NEIS1437,0.9999999963304138,0.9999999968266065,-4.96192642529536e-10,1458
63478,NEIS1437,0.9999999619138064,0.9999999365864292,2.532737719551648e-08,1458
29639,NEIS1437,0.9999999791681982,0.999999983966486,-4.798287767115994e-09,1458
71146,NEIS1437,0.9999998626152456,0.9999998108791788,5.173606687502996e-08,1458
30116,NEIS1437,0.9999773511404344,0.9999521045715026,2.5246568931769357e-05,1458
41325,NEIS1437,0.9998382258322112,0.9999370090623816,-9.878323017054048e-05,1458
96830,NEIS1437,0.9999782876286089,0.9999934660640344,-1.5178435425644564e-05,1458
89121,NEIS1437,0.9999632167347514,0.9999568156340468,6.4011007046005375e-06,1458
42049,NEIS1437,0.9999995667136522,0.99999918191293,3.848007220641492e-07,1458
42759,NEIS1437,0.999375793473691,0.9993102847080072,6.550876568367503e-05,1458
59782,NEIS1437,0.999999977116048,0.9999999473956086,2.9720439442826322e-08,1458
41637,NEIS1437,0.9999999001351064,0.9999999210218316,-2.0886725127233774e-08,1458
61296,NEIS1437,0.9999999997977628,0.9999999995182488,2.7951407854942545e-10,1458
53286,NEIS1437,0.998517019868322,0.9990208446637504,-0.0005038247954284,1458
59132,NEIS1437,0.9999456491885972,0.9999843721062748,-3.87229176774806e-05,1458
51880,NEIS1437,0.9999998350107134,0.9999995247959356,3.102147779765474e-07,1458
96600,NEIS1437,0.9999999466176206,0.999999969301584,-2.2683963374348082e-08,1458
38397,NEIS1437,0.9987334938441116,0.9987334938441116,0.0,0
29385,NEIS1437,0.999999996730506,0.9999999759141376,2.0816368295761837e-08,1458
29869,NEIS1437,0.9963878463164442,0.9984630681241996,-0.0020752218077553,1458
27826,NEIS1437,0.999999219381744,0.9999985281916008,6.911901431205791e-07,1458
35807,NEIS1437,0.9999997795872024,0.9999958224317824,3.957155420120095e-06,1458
80295,NEIS1437,0.9999984792251004,0.9999988762946068,-3.9706950638596084e-07,1458
37943,NEIS1437,0.9967067607134128,0.995412080057136,0.0012946806562769,1458
38130,NEIS1437,0.9999999773354992,0.9999999679424424,9.393056776829669e-09,1458
38109,NEIS1437,0.9999999982043372,0.9999999964556604,1.7486768699725983e-09,1458
45303,NEIS1437,0.9999997889985772,0.9999999830025388,-1.940039616732392e-07,1458
29736,NEIS1437,0.9999999869964236,0.9999999936104114,-6.613987801884491e-09,1458
63567,NEIS1437,0.9999877869704378,0.9999718867667838,1.590020365394018e-05,1458
83810,NEIS1437,0.9999809733646916,0.99996047463081,2.049873388154655e-05,1458
30687,NEIS1437,0.9999991121101782,0.9999991693165816,-5.720640339212935e-08,1458
53070,NEIS1437,0.999574335667571,0.999166306473081,0.00040802919449,1458
100784,NEIS1437,0.9998529161482366,0.9999433394827428,-9.042333450615114e-05,1458
30673,NEIS1437,0.9971580134229964,0.9967735650339672,0.0003844483890292,1458
21105,NEIS1437,0.999374164907766,0.9994282035946428,-5.403868687670066e-05,1458
40260,NEIS1437,0.999957124138856,0.9999576558233154,-5.316844594593917e-07,1458
61124,NEIS1437,0.9999999976078472,0.9999999976691551,-6.130795870973316e-11,1458
20429,NEIS1437,0.9999006421083948,0.9998536797726116,4.696233578316278e-05,1458
52873,NEIS1437,0.99515026319064,0.9965405810896192,-0.001390317898979,935
71680,NEIS1437,0.9999999634649904,0.9999999329618656,3.0503124803793475e-08,1458
51909,NEIS1437,0.9999991359005944,0.9999996125536674,-4.766530730115903e-07,1458
96636,NEIS1437,0.9999999990579408,0.999999998559682,4.982588786006659e-10,1458
74343,NEIS1437,0.9999999493474488,0.9999999392808786,1.0066570244049444e-08,1458
35361,NEIS1437,0.9903254713084944,0.9950742397167344,-0.0047487684082401,1458
59270,NEIS1437,0.998861536817107,0.9995081657705496,-0.0006466289534425,1458
96419,NEIS1437,0.99999999946374,0.9999999996497296,-1.85989779133422e-10,1458
54868,NEIS1437,0.9999999997658248,0.9999999996662012,9.962353164638671e-11,1458
85553,NEIS1437,0.9997828425394985,0.9997753967310348,7.445808463568682e-06,1458
96891,NEIS1437,0.9999999948442776,0.9999999948442776,0.0,0
96940,NEIS1437,0.9999812271460978,0.9999888339636042,-7.606817506333741e-06,1458
96502,NEIS1437,0.9999859878264328,0.9999886673249322,-2.679498499413846e-06,1458
43827,NEIS1437,0.9999998631106805,0.9999997118847286,1.5122595187211374e-07,1458
53820,NEIS1437,0.9999996118542344,0.999999551349744,6.050449030681193e-08,1458
89418,NEIS1437,0.9999999253429988,0.9999998823292184,4.3013780204326224e-08,1458
88135,NEIS1437,0.999999622429664,0.9999996933260832,-7.089641917978895e-08,1458
58826,NEIS1437,0.9999984070688328,0.9999984087732564,-1.704423713277947e-09,1458
30952,NEIS1437,0.9999999303652652,0.9999999819026792,-5.153741389207767e-08,1458
54718,NEIS1437,0.9999999495648224,0.9999999611475872,-1.1582764747330998e-08,1458
96411,NEIS1437,0.9999638069958404,0.9999638069958404,0.0,0
63622,NEIS1437,0.9999999833042872,0.9999999924694676,-9.165180281378582e-09,1458
77949,NEIS1437,0.9999469322171094,0.9999469322171094,0.0,0
85263,NEIS1437,0.9999999900443274,0.999999912226594,7.781773336823505e-08,1458
63460,NEIS1437,0.9999945054304314,0.9999945054304314,0.0,0
96943,NEIS1437,0.9999757873402516,0.9999767326897208,-9.453494692612808e-07,1458
20907,NEIS1437,0.9968924465665298,0.9972598337679452,-0.0003673872014153,1458
26877,NEIS1437,0.9998449058169412,0.9999492726952406,-0.0001043668782994,1458
79921,NEIS1437,0.9999850275751168,0.9999909321531968,-5.9045780801403325e-06,1458
60818,NEIS1437,0.9999999969238512,0.9999999914942808,5.429570348880475e-09,1458
47271,NEIS1437,0.9999999023778144,0.9999998356538334,6.672398100704413e-08,1458
97364,NEIS1437,0.9999999956823062,0.9999999966140308,-9.317244753503926e-10,1458
58065,NEIS1437,0.9998698369467506,0.9998866220320292,-1.6785085278581136e-05,1458
29035,NEIS1437,0.9998453869141224,0.999868623759336,-2.3236845213658874e-05,1458
37698,NEIS1437,0.9999995524919096,0.9999999030913774,-3.505994677910351e-07,1458
42531,NEIS1437,0.9999998791334797,0.9999998859807412,-6.8472615355474894e-09,1458
50804,NEIS1437,0.9999978618448264,0.9999936450539568,4.21679086970439e-06,1458
97592,NEIS1437,0.99125470517052,0.9930940301272744,-0.0018393249567544,1458
76946,NEIS1437,0.99999948698886,0.9999983506626022,1.1363262577557265e-06,1458
20298,NEIS1437,0.9999993879570136,0.9999984925583892,8.953986244675249e-07,1458
49407,NEIS1437,0.998639942979231,0.999141670351913,-0.000501727372682,1458
41633,NEIS1437,0.999999996668096,0.9999999969955322,-3.274361892735556e-10,1458
97050,NEIS1437,0.9999991178109672,0.9999991178109672,0.0,0
55582,NEIS1437,0.9901415108760944,0.9944491996460298,-0.0043076887699354,1458
53369,NEIS1437,0.9999986423058648,0.9999972802642152,1.362041649577428e-06,1458
30699,NEIS1437,0.9999996247514902,0.9999996247514902,0.0,0
58437,NEIS1437,0.9999824050887692,0.9999931269361002,-1.0721847330974477e-05,1458
60660,NEIS1437,0.999999822104575,0.9999998585418232,-3.6437248218668123e-08,1458
96542,NEIS1437,0.9999999991291706,0.9999999992952242,-1.660536153025305e-10,1458
96499,NEIS1437,0.9999344476463202,0.9999791791362782,-4.473148995798315e-05,1458
82525,NEIS1437,0.9999997345584578,0.9999996599574345,7.460102335876685e-08,1458
71058,NEIS1437,0.9990512939237916,0.9992218847464224,-0.0001705908226307,1458
53282,NEIS1437,0.9999999989816188,0.9999999978459526,1.1356662277250962e-09,1458
71120,NEIS1437,0.9999993837367672,0.999999642490492,-2.58753724668992e-07,1458
96246,NEIS1437,0.9999998855167862,0.9999995028381456,3.826786405536353e-07,1458
30994,NEIS1437,0.9997723238425404,0.9999679969991798,-0.0001956731566393,1458
26838,NEIS1437,0.9902038327363756,0.9965237053382828,-0.0063198726019071,1458
42638,NEIS1437,0.9999954987913132,0.9999963737356696,-8.749443565214676e-07,1458
57970,NEIS1437,0.9998990880485984,0.9998823512819036,1.6736766694780414e-05,1458
97025,NEIS1437,0.999999999775294,0.9999999998499096,-7.46156469944026e-11,1458
50842,NEIS1437,0.9999999818691776,0.9999999761872131,5.681964343473567e-09,1458
21096,NEIS1437,0.9999999998760928,0.9999999997997412,7.635148069340403e-11,1458
60676,NEIS1437,0.9999381723624712,0.9999901723864582,-5.200002398697556e-05,1458
57958,NEIS1437,0.9987632193583929,0.9998159077939428,-0.0010526884355499,1458
74921,NEIS1437,0.997057636000191,0.997057636000191,0.0,0
39875,NEIS1437,0.999679540141181,0.9995408268639366,0.0001387132772443,1458
38622,NEIS1437,0.999454977564507,0.9996052865833333,-0.0001503090188261,1458
39910,NEIS1437,0.9997110547908552,0.9996806802837376,3.037450711762535e-05,1458
38055,NEIS1437,0.9999997780506542,0.9999999443938884,-1.6634323429798314e-07,1458
61297,NEIS1437,0.9999999992725376,0.9999999996552384,-3.8270087099334655e-10,1458
60839,NEIS1437,0.9999941373864202,0.9999989348929637,-4.797506543474661e-06,1458
97611,NEIS1437,0.9997382498201274,0.999752081708863,-1.3831888735604814e-05,1458
84888,NEIS1437,0.9999786665054456,0.9999766431595588,2.0233458867258136e-06,1458
34551,NEIS1437,0.9999876453342886,0.9999940137841756,-6.368449886884342e-06,1458
75148,NEIS1437,0.9999999984836804,0.9999999913574912,7.126189194295307e-09,1458
45001,NEIS1437,0.9999962985482932,0.9999960320550472,2.664932459151004e-07,1458
34656,NEIS1437,0.9999961259259816,0.9999947620582158,1.3638677658356355e-06,1458
46505,NEIS1437,0.999997633003336,0.9999982123169184,-5.793135823273232e-07,1458
71799,NEIS1437,0.9999999986287148,0.9999999982827612,3.459535991012785e-10,1458
85541,NEIS1437,0.9999726266062642,0.9999935342075904,-2.090760132633651e-05,1458
97354,NEIS1437,0.9992587901212888,0.9994993407481486,-0.0002405506268597,1458
60740,NEIS1437,0.9999549191089048,0.999983816800434,-2.8897691529361506e-05,1458
30039,NEIS1437,0.9999999995216288,0.9999999979814014,1.540227390073312e-09,1458
58823,NEIS1437,0.9999999986826252,0.9999999995586326,-8.76007377748067e-10,1458
30528,NEIS1437,0.999998870967596,0.999998870967596,0.0,0
43992,NEIS1437,0.9999998564258864,0.999999822849098,3.3576788460720763e-08,1458
51923,NEIS1437,0.9989079618011558,0.9999260953253428,-0.001018133524187,1458
74927,NEIS1437,0.9999999999147372,0.9999999998405844,7.415279501543637e-11,1458
61115,NEIS1437,0.9999949945963548,0.9999963596523386,-1.3650559838040977e-06,1458
59259,NEIS1437,0.9999866816031668,0.9999542482958688,3.2433307298074254e-05,1458
97276,NEIS1437,0.9999979234205396,0.9999991965931112,-1.273172571591985e-06,1458
45350,NEIS1437,0.999050066005244,0.9956733471169208,0.0033767188883232,1458
20944,NEIS1437,0.9981095041175102,0.9989067897336964,-0.000797285616186,1458
57961,NEIS1437,0.9995911015809764,0.9997320849474108,-0.0001409833664343,1458
63439,NEIS1437,0.9999991789703232,0.999999841264604,-6.622942807510412e-07,1458
30265,NEIS1437,0.999999999944369,0.9999999997794756,1.6489343224179717e-10,900
21423,NEIS1437,0.999983383377646,0.9999934752032358,-1.0091825589753078e-05,1458
27865,NEIS1437,0.999999579028648,0.9999998125348468,-2.33506198932254e-07,1458
58400,NEIS1437,0.99858029194136,0.9980834478256558,0.0004968441157041,1458
71094,NEIS1437,0.9998100094447746,0.9997983241483608,1.1685296413821432e-05,1458
44813,NEIS1437,0.9999999901921244,0.9999999901921244,0.0,0
76590,NEIS1437,0.999999999644561,0.9999999995212032,1.2335776844452084e-10,1458
55523,NEIS1437,0.9966193377249744,0.9986807557569456,-0.0020614180319713,1458
97357,NEIS1437,0.999999138713253,0.9999989765983096,1.621149432473601e-07,1458
96970,NEIS1437,0.999999702889215,0.9999998151061368,-1.1221692164387065e-07,1458
52717,NEIS1437,0.9956956009407898,0.9909488035879126,0.0047467973528771,1458
71474,NEIS1437,0.9994435055932186,0.9997671496261518,-0.0003236440329331,1458
29215,NEIS1437,0.9998639220142506,0.9998779935754862,-1.4071561235673435e-05,1458
21450,NEIS1437,0.999986054261547,0.9999980194527088,-1.1965191161866784e-05,1458
58184,NEIS1437,0.9999942772595865,0.9999956249109492,-1.3476513626153874e-06,1458
21372,NEIS1437,0.999964488996106,0.9999549692802394,9.519715866601608e-06,1458
97007,NEIS1437,0.9999999999794292,0.999999999918757,6.067224500583279e-11,1458
96724,NEIS1437,0.9999999212665028,0.9999999139286144,7.337888519032276e-09,1458
58414,NEIS1437,0.9975237298244246,0.9947619687501458,0.0027617610742788,1458
26849,NEIS1437,0.9999985497364546,0.9999990715260316,-5.217895768794278e-07,1458
20433,NEIS1437,0.9999987579928832,0.9999989954172712,-2.374243880387539e-07,1458
42196,NEIS1437,0.9999844096397216,0.9999805507266506,3.858913070975412e-06,1458
71623,NEIS1437,0.9999991153224708,0.9999996279610464,-5.12638575700386e-07,1458
27970,NEIS1437,0.999999947890316,0.9999999680491496,-2.0158833713423974e-08,1458
56489,NEIS1437,0.999999995824677,0.9999999956783664,1.4631074130022623e-10,1458
97524,NEIS1437,0.9999366250819092,0.9998927795822316,4.384549967750839e-05,1458
58380,NEIS1437,0.99963903240552,0.9996496913502004,-1.0658944680441708e-05,1458
97341,NEIS1437,0.999999976115996,0.9999998088877528,1.6722824325299257e-07,1458
43839,NEIS1437,0.99992507484417,0.9998755996207012,4.947522346876454e-05,1458
21430,NEIS1437,0.9999999969985084,0.9999999987317768,-1.7332685287030356e-09,1458
76968,NEIS1437,0.9998397902511298,0.9998444398796822,-4.649628552400031e-06,1458
71992,NEIS1437,0.9999863483618568,0.9999885941267108,-2.245764854080789e-06,1458
40269,NEIS1437,0.9997668349081904,0.9999257085171996,-0.0001588736090091,1458
21122,NEIS1437,0.9999987907642608,0.9999926345176744,6.156246586286329e-06,1458
54870,NEIS1437,0.9999999996855048,0.9999999993591984,3.26306426323697e-10,1458
35462,NEIS1437,0.9999958717652816,0.9999974866000598,-1.6148347782296568e-06,1458
44871,NEIS1437,0.9991141971745712,0.9988260816600332,0.000288115514538,1458
27965,NEIS1437,0.9999999734373122,0.9999999592069434,1.4230368772238933e-08,1458
96341,NEIS1437,0.9999999999966928,0.9999999999965355,1.5709655798445965e-13,1458
42649,NEIS1437,0.9999975102484584,0.9999966925084716,8.177399867248525e-07,1458
40382,NEIS1437,0.9998011401810222,0.9997833088484402,1.7831332581930148e-05,1458
97221,NEIS1437,0.9999999998302788,0.999999999884586,-5.430733640565677e-11,1458
100738,NEIS1437,0.9999999001667012,0.9999999001667012,0.0,0
89098,NEIS1437,0.9998805595016436,0.999953896185324,-7.33366836803695e-05,1458
94127,NEIS1437,0.9999350489488308,0.999915615774627,1.943317420383117e-05,1458
97067,NEIS1437,0.9999999982688867,0.9999999964511792,1.8177075400416243e-09,1458
44184,NEIS1437,0.999986040036426,0.9999969391297832,-1.0899093357163991e-05,1458
96609,NEIS1437,0.999999998784732,0.9999999996379056,-8.531736428452064e-10,1458
96688,NEIS1437,0.9999999992571398,0.9999999989040996,3.530400416451584e-10,1458
40569,NEIS1437,0.9995717452405284,0.9994853060779342,8.643916259420958e-05,1458
42614,NEIS1437,0.9999984556981382,0.9999985709969302,-1.1529879206939597e-07,1458
74348,NEIS1437,0.9999906981957328,0.9999869768371974,3.721358535435648e-06,1458
84837,NEIS1437,0.9999881035880978,0.9999891035710522,-9.999829544415917e-07,1458
50828,NEIS1437,0.99999999000298,0.999999981641972,8.361008108082046e-09,1458
96234,NEIS1437,0.998797374956372,0.9956702154033767,0.0031271595529951,1458
20919,NEIS1437,0.9999954336304868,0.9999913323326032,4.101297883640775e-06,1458
44678,NEIS1437,0.999333964159092,0.9993509092544854,-1.694509539340583e-05,1458
55130,NEIS1437,0.9999996554929236,0.9999997045819424,-4.9089018849812767e-08,1458
76589,NEIS1437,0.9999986716988376,0.9999987210806316,-4.9381793876257525e-08,1458
82500,NEIS1437,0.9976415233364072,0.9962999749779826,0.0013415483584245,1458
58198,NEIS1437,0.9999999690150746,0.9999999344565984,3.455847630284836e-08,1458
97055,NEIS1437,0.9998690245956848,0.9997113761178684,0.0001576484778164,1458
58210,NEIS1437,0.9995162174485412,0.9997481818449484,-0.0002319643964072,1458
51851,NEIS1437,0.999954541790258,0.9999739837322298,-1.944194197178728e-05,1458
42119,NEIS1437,0.9999994393350674,0.999999527102718,-8.776765059170799e-08,1458
55165,NEIS1437,0.999999854009868,0.9999998435903256,1.04195425620901e-08,1458
93655,NEIS1437,0.9999991040791708,0.9999991040791708,0.0,0
20300,NEIS1437,0.9999825281588328,0.9999903890446814,-7.860885848587351e-06,1458
72283,NEIS1437,0.9934377518444087,0.9953915836648412,-0.0019538318204325,1458
71137,NEIS1437,0.9999998945850892,0.9999999552333314,-6.0648242206085e-08,1458
42142,NEIS1437,0.9999999903828736,0.9999999872702328,3.1126407007420202e-09,1458
20178,NEIS1437,0.999999999997576,0.9999999999918944,5.681788373124164e-12,1458
89499,NEIS1437,0.9999999998656152,0.9999999993937498,4.718653245916471e-10,1458
75120,NEIS1437,0.999999998259804,0.999999983259118,1.500068591564485e-08,1458
37760,NEIS1437,0.999999997354344,0.9999999990430216,-1.688677531141991e-09,1458
37805,NEIS1437,0.9999999923830416,0.9999999983801842,-5.997142560332236e-09,1458
76569,NEIS1437,0.9999999997294888,0.999999999767696,-3.820721516945014e-11,1458
43924,NEIS1437,0.9999999979542844,0.9999999957940108,2.160273515627864e-09,1458
21457,NEIS1437,0.9999999999505568,0.9999999999372642,1.3292589251534535e-11,1458
29296,NEIS1437,0.9999996427891276,0.9999994360539868,2.0673514067315327e-07,1458
91823,NEIS1437,0.998853410001596,0.9982932301496988,0.0005601798518971,1458
44774,NEIS1437,0.999999962339188,0.9999999797467068,-1.7407518759782192e-08,1458
41490,NEIS1437,0.9999997298898784,0.9999998832291144,-1.5333923586435819e-07,1458
38020,NEIS1437,0.9999999615348706,0.9999999615348706,0.0,0
37680,NEIS1437,0.9999882384513896,0.9999889343907508,-6.959393611394304e-07,1458
42546,NEIS1437,0.9999735739368232,0.9999857614853974,-1.2187548574238429e-05,1458
60460,NEIS1437,0.9999993833963388,0.999999139686994,2.4370934481599e-07,1458
35536,NEIS1437,0.9979612429593356,0.9997928636689342,-0.0018316207095985,1458
58820,NEIS1437,0.9999997107520842,0.999999862480042,-1.5172795775342254e-07,1458
30175,NEIS1437,0.999970354719682,0.9999889458802638,-1.859116058178234e-05,1458
89306,NEIS1437,0.9985205663546656,0.999601866829228,-0.0010813004745624,1458
45298,NEIS1437,0.999999340123498,0.999999987447514,-6.473240159454718e-07,1458
56464,NEIS1437,0.999999128015092,0.9999992438892654,-1.1587417336755836e-07,1458
20406,NEIS1437,0.9999986671543982,0.9999988867988376,-2.1964443941424605e-07,1458
41631,NEIS1437,0.9999985525052844,0.9999920895402666,6.462965017717259e-06,1458
41965,NEIS1437,0.9999998262586312,0.9999998556717258,-2.9413094626562497e-08,1458
41233,NEIS1437,0.9998765605657716,0.999835062946673,4.149761909855165e-05,1458
96729,NEIS1437,0.99999999983206,0.9999999998670004,-3.4940383919490614e-11,1458
97101,NEIS1437,0.9999999984636978,0.9999999978139352,6.497624660539714e-10,1458
50947,NEIS1437,0.9999998191525308,0.9999992883435408,5.308089900957214e-07,1458
20302,NEIS1437,0.9975016885542506,0.9998448429869788,-0.0023431544327282,1458
72695,NEIS1437,0.9999999230762054,0.9999997128259394,2.102502660861205e-07,1458
91852,NEIS1437,0.9999999667601416,0.9999999443628612,2.2397280252661744e-08,1458
89030,NEIS1437,0.999999820357918,0.99999965557135,1.647865679466065e-07,1458
31150,NEIS1437,0.999996585708561,0.999999117111721,-2.5314031599776854e-06,1458
59721,NEIS1437,0.9995791533993664,0.9995176724398412,6.14809595252952e-05,1458
83061,NEIS1437,0.9999946144531108,0.9999938126752128,8.01777897851963e-07,1458
20329,NEIS1437,0.9999998879562294,0.9999998855329886,2.423240830218276e-09,1461
71740,NEIS1437,0.9999999998552024,0.9999999981226484,1.732553989164387e-09,1458
89459,NEIS1437,0.9964349569568234,0.9951801283510452,0.0012548286057781,1458
96326,NEIS1437,0.9999999999970124,0.9999999999987764,-1.763922341524449e-12,1458
71036,NEIS1437,0.9999999997996885,0.999999999967224,-1.6753554099580015e-10,1458
58310,NEIS1437,0.9999995555561452,0.9999454600681524,5.409548799262254e-05,1458
35765,NEIS1437,0.9999998425285236,0.9999999402007008,-9.767217712397525e-08,1458
97389,NEIS1437,0.999961706074502,0.999946151118844,1.5554955658081404e-05,1458
51886,NEIS1437,0.9999995858439398,0.9999995116147532,7.422918646415867e-08,1458
71658,NEIS1437,0.9993323154087316,0.9994753992844472,-0.0001430838757157,1458
57277,NEIS1437,0.9999880080627814,0.9999849012538724,3.106808909136838e-06,1458
20093,NEIS1437,0.996824556406448,0.9973074279727244,-0.0004828715662763,1458
35420,NEIS1437,0.9994474919932306,0.9994239618972832,2.3530095947466023e-05,1458
55128,NEIS1437,0.9999980874509744,0.9999991739858992,-1.0865349249211675e-06,1458
35391,NEIS1437,0.9999746924835706,0.9999947183558806,-2.0025872309981096e-05,1458
80264,NEIS1437,0.9999999331183848,0.9999999826381706,-4.951978582745654e-08,1458
92889,NEIS1437,0.9999998431236872,0.999999907521712,-6.439802480162626e-08,1458
40772,NEIS1437,0.9999440028519042,0.9999524177943634,-8.414942459178398e-06,1458
27938,NEIS1437,0.9999977591170444,0.9999985366138774,-7.774968330265253e-07,1458
49267,NEIS1437,0.9922870119989122,0.9947930990889644,-0.0025060870900521,1458
70996,NEIS1437,0.999997935985678,0.9999968811817096,1.0548039685032151e-06,1458
96919,NEIS1437,0.9993826793411136,0.9998589172411222,-0.0004762379000086,1458
20383,NEIS1437,0.9999998878160148,0.9999999588432028,-7.102718801998975e-08,1458
75003,NEIS1437,0.9999999894403993,0.9999999693398592,2.01005401212484e-08,1458
96478,NEIS1437,0.999999999213318,0.9999999992019508,1.1367129459927128e-11,1458
94266,NEIS1437,0.9997676183503468,0.9998719508407536,-0.0001043324904068,1458
84757,NEIS1437,0.9999999949713968,0.999999991384955,3.5864418101994033e-09,1458
61012,NEIS1437,0.9999998507328142,0.9999999080715172,-5.73387030078365e-08,1458
84917,NEIS1437,0.9999990180452156,0.9999998373820088,-8.193367930786621e-07,1458
91844,NEIS1437,0.999999999931806,0.999999999931806,0.0,0
89039,NEIS1437,0.9999892651586836,0.9999974725467098,-8.207388026204576e-06,1458
29438,NEIS1437,0.9999991066572972,0.9999982201968488,8.864604482683447e-07,1458
92819,NEIS1437,0.9999998917338628,0.999999881990292,9.7435709500715e-09,1458
42660,NEIS1437,0.9999999890145655,0.9999999847915771,4.222988292390539e-09,1458
96738,NEIS1437,0.9999999454420452,0.9999999490278398,-3.585794661198349e-09,1458
71807,NEIS1437,0.999999984358176,0.9999999935108266,-9.152650526367268e-09,1458
53794,NEIS1437,0.999999999552812,0.9999999996818284,-1.2901624213412788e-10,1458
31086,NEIS1437,0.9999996136309908,0.9999993536474812,2.599835094985181e-07,1458
56593,NEIS1437,0.9990744352265872,0.9993490298812266,-0.0002745946546394,1458
97481,NEIS1437,0.9999999870453492,0.9999999722784008,1.4766948330802164e-08,1458
71562,NEIS1437,0.999999749366946,0.999999756305055,-6.938108976228818e-09,1458
54881,NEIS1437,0.9999999976168046,0.999999997892191,-2.753863803661716e-10,1458
94115,NEIS1437,0.9999328265459502,0.9999248096252156,8.016920734710276e-06,1458
53080,NEIS1437,0.9994738326113106,0.996944496665344,0.0025293359459667,1458
60884,NEIS1437,0.999999872805865,0.9999999970206904,-1.2421482531443928e-07,1458
27846,NEIS1437,0.9997378022954836,0.9999373638318724,-0.0001995615363886,1458
96391,NEIS1437,0.9999999994070714,0.9999999992818904,1.2518097669556028e-10,1458
20137,NEIS1437,0.9999913566752312,0.9999975543733484,-6.197698117271777e-06,1458
96530,NEIS1437,0.9999996494108484,0.9999998863003268,-2.36889478366642e-07,1458
96661,NEIS1437,0.9999999959943728,0.9999999983498564,-2.3554835859584955e-09,1458
34941,NEIS1437,0.9922806022367934,0.9934638723734156,-0.0011832701366222,1458
95861,NEIS1437,0.9999991348210492,0.9999971934642878,1.94135676134799e-06,1458
92798,NEIS1437,0.9999999963636736,0.9999999953254626,1.0382110726681047e-09,1458
51324,NEIS1437,0.9963928406330588,0.9938136459973286,0.0025791946357301,1458
35797,NEIS1437,0.9999999970730435,0.9999999975745728,-5.015292625643042e-10,1458
96958,NEIS1437,0.9999999456494753,0.9999999675483,-2.1898824864585723e-08,1458
71123,NEIS1437,0.9998240502063562,0.9993305651344232,0.0004934850719331,1458
54591,NEIS1437,0.9973066744355934,0.997544384919094,-0.0002377104835006,1458
63500,NEIS1437,0.9996939311322112,0.9996058658868032,8.806524540783123e-05,1458
57917,NEIS1437,0.9999999947282991,0.9999999944520864,2.762128303857025e-10,1458
96251,NEIS1437,0.9995213700074602,0.9995213700074602,0.0,0
60665,NEIS1437,0.999999995503988,0.999999987982395,7.521593015091811e-09,1458
88940,NEIS1437,0.9980244141305852,0.9975738468736935,0.0004505672568915,1458
30251,NEIS1437,0.9999943584258096,0.999994883798828,-5.253730184229255e-07,1458
27937,NEIS1437,0.9999976815651092,0.9999990632428344,-1.3816777252317891e-06,1458
91813,NEIS1437,0.9999999635857092,0.9999999671062356,-3.5205264259374758e-09,1458
20322,NEIS1437,0.9999967668853892,0.9999989947926448,-2.227907255569761e-06,1458
21409,NEIS1437,0.99005364366988,0.9843995560158012,0.0056540876540788,1458
82467,NEIS1437,0.999999924277025,0.999999933528029,-9.251003962873485e-09,1458
96368,NEIS1437,0.999999978940718,0.9999999754907172,3.4500007295434902e-09,1458
37904,NEIS1437,0.9999999180518178,0.9999996753213256,2.427304921504003e-07,1458
44719,NEIS1437,0.9999998959824882,0.9999998959824882,0.0,0
27909,NEIS1437,0.998366779499478,0.998893645049208,-0.0005268655497298,1458
82431,NEIS1437,0.999999999997292,0.9999999999954852,1.8068879725774425e-12,1458
63554,NEIS1437,0.99999996551376,0.9999999438986736,2.1615086498449895e-08,1458
58304,NEIS1437,0.9999999671677317,0.9999999462096814,2.0958050295227796e-08,1458
58883,NEIS1437,0.9999999965047984,0.9999999983828768,-1.878078248473969e-09,1458
96444,NEIS1437,0.9999999998577356,0.9999999999461446,-8.840905785234554e-11,1458
45299,NEIS1437,0.9999999651681264,0.9999999949729824,-2.980485613868211e-08,1458
58377,NEIS1437,0.9999999999417246,0.999999999677364,2.6436075550861915e-10,1458
96534,NEIS1437,0.9999999999902848,0.9999999999983228,-8.038125720588596e-12,1458
60777,NEIS1437,0.999999949542309,0.9999999163489152,3.3193393811359335e-08,1458
59647,NEIS1437,0.999999996851534,0.9999999898596084,6.991925705079893e-09,1458
29379,NEIS1437,0.999988685671106,0.9999906736128192,-1.9879417133550348e-06,1005
97436,NEIS1437,0.9999999877999728,0.9999999035567124,8.424326036760021e-08,1458
